<?xml version="1.0"?>
<!--
/**
 * @author Amasty Team
 * @copyright Copyright (c) 2020 Amasty (https://www.amasty.com)
 * @package Amasty_Preorder
 */
-->
<!--
/**
 * Copyright © 2016 Amasty. All rights reserved.
 */
-->
<config xmlns:xsi="http://www.w3.org/2001/XMLSchema-instance" xsi:noNamespaceSchemaLocation="urn:magento:framework:ObjectManager/etc/config.xsd">
    <virtualType name="Magento\Catalog\Ui\DataProvider\Product\Form\Modifier\Pool">
        <arguments>
            <argument name="modifiers" xsi:type="array">
                <item name="amastyPreorder" xsi:type="array">
                    <item name="class" xsi:type="string">Amasty\Preorder\Ui\DataProvider\Product\Form\Modifier\Preorder</item>
                    <item name="sortOrder" xsi:type="number">30</item>
                </item>
            </argument>
        </arguments>
    </virtualType>

    <type name="Magento\InventoryCatalog\Plugin\CatalogInventory\Model\Spi\StockStateProvider\AdaptVerifyStockToNegativeMinQtyPlugin">
        <plugin name="Amasty_Preorder::msi-verify-stock"
                type="Amasty\Preorder\Plugin\InventoryCatalog\Plugin\CatalogInventory\Model\Spi\StockStateProvider\AdaptVerifyStockToNegativeMinQtyPlugin"/>
    </type>
</config>
