<?xml version="1.0"?>
<!--
  ~ Mage-World
  ~
  ~  @category    Mage-World
  ~  @package     MW
  ~  @author      Mage-world Developer
  ~
  ~  @copyright   Copyright (c) 2018 Mage-World (https://www.mage-world.com/)
  -->

<config xmlns:xsi="http://www.w3.org/2001/XMLSchema-instance"
        xsi:noNamespaceSchemaLocation="urn:magento:framework:Acl/etc/acl.xsd">
    <acl>
        <resources>
            <resource id="MW_Downloads::downloads" title="Easy Downloads" translate="title" sortOrder="1">
                <resource id="MW_Downloads::downloads_category" title="Downloads Category" translate="title" sortOrder="1"/>
                <resource id="MW_Downloads::faq_item" title="Downloads List" translate="title" sortOrder="5"/>
                <resource id="MW_Downloads::setting" title="Settings" translate="title" sortOrder="10"/>
            </resource>
        </resources>
    </acl>
</config>