<?xml version="1.0" encoding="UTF-8"?>
<!--
  ~ Mage-World
  ~
  ~  @category    Mage-World
  ~  @package     MW
  ~  @author      Mage-world Developer
  ~
  ~  @copyright   Copyright (c) 2018 Mage-World (https://www.mage-world.com/)
  -->

<config xmlns:xsi="http://www.w3.org/2001/XMLSchema-instance"
        xsi:noNamespaceSchemaLocation="urn:magento:framework:ObjectManager/etc/config.xsd">
    <type name="Magento\Framework\View\Element\UiComponent\DataProvider\CollectionFactory">
        <arguments>
            <argument name="collections" xsi:type="array">
                <item name="mw_downloads_category_listing_data_source" xsi:type="string">MW\Downloads\Model\ResourceModel\DownloadsCategory\Grid\Collection</item>
                <item name="mw_downloads_listing_data_source" xsi:type="string">MW\Downloads\Model\ResourceModel\Downloads\Grid\Collection</item>
            </argument>
        </arguments>
    </type>
</config>