<?xml version="1.0"?>
<!--
/**
 * Mageplaza
 *
 * NOTICE OF LICENSE
 *
 * This source file is subject to the Mageplaza.com license that is
 * available through the world-wide-web at this URL:
 * https://www.mageplaza.com/LICENSE.txt
 *
 * DISCLAIMER
 *
 * Do not edit or add to this file if you wish to upgrade this extension to newer
 * version in the future.
 *
 * @category    Mageplaza
 * @package     Mageplaza_Smtp
 * @copyright   Copyright (c) Mageplaza (https://www.mageplaza.com/)
 * @license     https://www.mageplaza.com/LICENSE.txt
 */
-->
<config xmlns:xsi="http://www.w3.org/2001/XMLSchema-instance" xsi:noNamespaceSchemaLocation="urn:magento:framework:Event/etc/events.xsd">
<!--    ================================================ CUSTOMER ============================================-->
    <event name="customer_save_before">
        <observer name="mp_smtp_customer_model_save_before" instance="Mageplaza\Smtp\Observer\Customer\ModelSaveBefore"/>
    </event>
    <event name="newsletter_subscriber_save_before">
        <observer name="mp_smtp_customer_model_save_before" instance="Mageplaza\Smtp\Observer\Customer\ModelSaveBefore"/>
    </event>
    <event name="newsletter_subscriber_save_commit_after">
        <observer name="mp_smtp_customer_model_save_before" instance="Mageplaza\Smtp\Observer\Customer\SubscriberSaveCommitAfter"/>
    </event>
    <event name="customer_save_commit_after">
        <observer name="mp_smtp_customer_save_commit_after" instance="Mageplaza\Smtp\Observer\Customer\CustomerSaveCommitAfter"/>
    </event>
    <event name="sales_quote_save_commit_after">
        <observer name="mp_smtp_quote_save_after" instance="Mageplaza\Smtp\Observer\Quote\SyncQuote"/>
    </event>
    <event name="sales_quote_save_before">
        <observer name="mp_smtp_quote_save_before" instance="Mageplaza\Smtp\Observer\Quote\SetToken"/>
    </event>
</config>
